{
  "alpha_vector": [
    9.09189306881043,
    9.538008947124215,
    20.794712547783924,
    44.81678773404219,
    11.206768683569367,
    10.060383375492467,
    66.59800538305936,
    10.777249076593755,
    12.990436717592447,
    14.595482623840699,
    9.530271842091167
  ],
  "positions_db": {
    "pos_0001": {
      "position_id": "pos_0001",
      "belief_p": [
        3.0143341307272143e-47,
        4.072097823202233e-37,
        3.1105047902649295e-28,
        1.3434744368501035e-20,
        3.2810571922214616e-14,
        4.530895593283024e-09,
        3.5378561421002866e-05,
        0.01562004011365423,
        0.38995094838263766,
        0.550457353293151,
        0.043936275118207566
      ],
      "minted_claims_m": 22.714938107633486,
      "input_collateral_C": 10.0
    },
    "pos_0002": {
      "position_id": "pos_0002",
      "belief_p": [
        3.2799263377876375e-05,
        0.014903291874626745,
        0.382900721296875,
        0.5562576831174245,
        0.0456932155279593,
        0.00021223317971286044,
        5.573919611192283e-08,
        8.277400742391896e-13,
        6.950453194705284e-19,
        3.3000318022743825e-26,
        8.85949541929885e-35
      ],
      "minted_claims_m": 23.62602766162112,
      "input_collateral_C": 10.0
    },
    "pos_0003": {
      "position_id": "pos_0003",
      "belief_p": [
        3.2799263377876375e-05,
        0.014903291874626745,
        0.382900721296875,
        0.5562576831174245,
        0.0456932155279593,
        0.00021223317971286044,
        5.573919611192283e-08,
        8.277400742391896e-13,
        6.950453194705284e-19,
        3.3000318022743825e-26,
        8.85949541929885e-35
      ],
      "minted_claims_m": 20.993810192467176,
      "input_collateral_C": 10.0
    },
    "pos_0004": {
      "position_id": "pos_0004",
      "belief_p": [
        3.2799263377876375e-05,
        0.014903291874626745,
        0.382900721296875,
        0.5562576831174245,
        0.0456932155279593,
        0.00021223317971286044,
        5.573919611192283e-08,
        8.277400742391896e-13,
        6.950453194705284e-19,
        3.3000318022743825e-26,
        8.85949541929885e-35
      ],
      "minted_claims_m": 19.241249168224844,
      "input_collateral_C": 10.0
    },
    "pos_0005": {
      "position_id": "pos_0005",
      "belief_p": [
        1.1473678643982594e-61,
        3.8988900809316115e-43,
        5.903935879913697e-28,
        3.9838649133270663e-16,
        1.197925766411457e-07,
        0.016051570845082436,
        0.9584456805726678,
        0.02550232640872147,
        3.023809496371331e-07,
        1.597685832767241e-15,
        3.761756436329302e-27
      ],
      "minted_claims_m": 88.72656251825708,
      "input_collateral_C": 50.0
    },
    "pos_0006": {
      "position_id": "pos_0006",
      "belief_p": [
        1.1473678643982594e-61,
        3.8988900809316115e-43,
        5.903935879913697e-28,
        3.9838649133270663e-16,
        1.197925766411457e-07,
        0.016051570845082436,
        0.9584456805726678,
        0.02550232640872147,
        3.023809496371331e-07,
        1.597685832767241e-15,
        3.761756436329302e-27
      ],
      "minted_claims_m": 12.312272134003592,
      "input_collateral_C": 10.0
    },
    "pos_0007": {
      "position_id": "pos_0007",
      "belief_p": [
        1.2435869480604141e-16,
        5.499881614194671e-08,
        0.010839090898429002,
        0.9519074074805168,
        0.03725279696332839,
        6.496589044558275e-07,
        5.0486380536615905e-15,
        1.7483380458584738e-26,
        2.6979811522028433e-41,
        1.8553025667016787e-59,
        5.685293769289458e-81
      ],
      "minted_claims_m": 19.66719196681386,
      "input_collateral_C": 10.0
    },
    "pos_0008": {
      "position_id": "pos_0008",
      "belief_p": [
        1.2435869480604141e-16,
        5.499881614194671e-08,
        0.010839090898429002,
        0.9519074074805168,
        0.03725279696332839,
        6.496589044558275e-07,
        5.0486380536615905e-15,
        1.7483380458584738e-26,
        2.6979811522028433e-41,
        1.8553025667016787e-59,
        5.685293769289458e-81
      ],
      "minted_claims_m": 17.49341356213766,
      "input_collateral_C": 10.0
    }
  },
  "market_params": {
    "L": 0.0,
    "H": 100.0,
    "K": 10,
    "P0": 100.0,
    "mu": 1.0,
    "eps_alpha": 0.01
  },
  "is_settled": false,
  "settlement_outcome": null,
  "settlement_payouts": null,
  "title": "ETH Price 2025-12-31"
}